delete from Customer;
delete from Home;
delete from Policy;
delete from Payment;
delete from Incident;
insert into Customer values (358262, 'Camille', 'Barker', 800);
insert into Home values (358262, 299622, '4545 Dover Rd', 94063, 'Redwood City', 'CA');
insert into Home values (358262, 299622, '3000 Bernardo Ave', 94087, 'Sunnyvale', 'CA');
insert into Policy values (299622);
insert into Payment values (047187, 299622, '01/05/2020', '12', '01/03/2020', 45000);
insert into Payment values (047190, 299622, '01/05/2021', '12', '12/22/2020', 45000);
insert into Customer values (931850, 'Dustin', 'Barker', '770');
insert into Home values (931850, 960322, '600 Marsh Rd', 94025, 'Menlo Park', 'CA');
insert into Policy values (960322);
insert into Payment values (047188, 960322, '01/05/2020', '12', '01/07/2020', 20000);
insert into Payment values (047191, 960322, '01/05/2021', '12', '01/05/2021', 20000);
insert into Incident values (353984, '600 Marsh Rd', 94025, 'Menlo Park', 'CA', '10/31/2000');
insert into Incident values (353986, '600 Marsh Rd', 94025, 'Menlo Park', 'CA', '01/01/2021');
insert into Incident values (353990, '600 Marsh Rd', 94025, 'Menlo Park', 'CA', '05/05/2021');

insert into Customer values (000001, 'Tony', 'Stark', 850);
insert into Home values (000001, 098765, '1020 Fairburn Cambelton Rd', 67384, 'Fairburn', 'GA');
insert into Incident values (172638, '1020 Fairburn Cambelton Rd', 67384, 'Fairburn', 'GA', '01/10/2016');
insert into Policy values (098765);
insert into Payment values (000546, 098765, '05/29/2015', 10, '05/22/2015', 20000);
insert into Payment values (000547, 098765, '09/26/2015', 10, '09/24/2015', 20000);
insert into Payment values (000548, 098765, '12/30/2015', 10, '12/24/2015', 20000);
insert into Customer values (000808, 'Spongebob', 'Squarepants', 720);
insert into Home values (000808, 567567, '124 Conch St', 34526, 'Bikini Bottom', 'HI');
insert into Incident values (192658, '124 Conch St', 34526, 'Bikini Bottom', 'HI', '04/07/2010');
insert into Incident values (192659, '124 Conch St', 34526, 'Bikini Bottom', 'HI', '08/18/2010');
insert into Policy values (567567);
insert into Payment values (000653, 567567, '07/13/2010', 5, '07/15/2010', 1400);
insert into Payment values (000654, 567567, '11/15/2010', 5, '11/10/2010', 1400);

insert into Customer values(89050, 'Andrew', 'Shinjo', 432);
insert into Policy values(23);
insert into Home values(89050, 23, '1000 Apple Street', 95125, 'San Jose', 'CA');
insert into Incident values(294324, '1000 Apple Street', 95125, 'San Jose', 'CA', '01/01/2012');
insert into Incident values(294325, '1000 Apple Street', 95125, 'San Jose', 'CA', '01/02/2012');
insert into Incident values(294326, '1000 Apple Street', 95125, 'San Jose', 'CA', '01/03/2012');
insert into Incident values(294327, '1000 Apple Street', 95125, 'San Jose', 'CA', '01/04/2012');
insert into Incident values(294328, '1000 Apple Street', 95125, 'San Jose', 'CA', '01/05/2012');
insert into Payment values(153, 23, '01/30/2012', 12, '01/30/2012', 7200);
insert into Payment values(154, 23, '02/30/2012', 12, '02/29/2012', 10000);
insert into Customer values(17032, 'Bobby', 'Bob', 432);
insert into Policy values(37);
insert into Home values(17032, 37, '1890 Banana Street', 95123, 'San Jose', 'CA');
insert into Payment values(216, 37, '05/12/2019', 30, '05/01/2019', 9600);

insert into Customer values (040561, 'Steve', 'Rodgers', 920);
insert into Home values (040561, 562761, '844 Pennsylvania Ave', 34859, 'Brooklyn', 'NY');
insert into Incident values (489652, '844 Pennsylvania Ave', 34859, 'Brooklyn', 'NY', '05/10/2017');
insert into Policy values (562761);
insert into Payment values (000600, 562761, '04/28/2017', 8, '04/21/2017', 30000);
insert into Payment values (000601, 562761, '08/30/2017', 8, '08/23/2017', 30000);
insert into Payment values (000602, 562761, '11/27/2017', 8, '11/20/2017', 30000);
insert into Customer values (934032, 'Peter', 'Parker', 493);
insert into Home values (934032, 047695, '20 Ingram St', 11375, 'Forest Hills', 'NY');
insert into Incident values (357839, '20 Ingram St', 11375, 'Forest Hills', 'NY', '05/10/2017');
insert into Policy values (047695);
insert into Payment values (000324, 047695, '03/17/2018', 9, '03/10/2018', 20000);
insert into Payment values (000325, 047695, '06/20/2018', 9, '06/12/2018', 20000);
insert into Payment values (000326, 047695, '08/22/2018', 9, '08/15/2018', 20000);

insert into Customer values (000666, 'The', 'Devil', 666);
insert into Home values (000666, 666666, '6666 Hell St', 66666, 'Somewhere', 'FL');
insert into Incident values (777666, '6666 Hell St', 66666, 'Somewhere', 'FL', '01/01/1950');
insert into Policy values (666666);
insert into Payment values (000660, 666666, '03/23/2004', 66, '03/18/2004', 60000);
insert into Payment values (000661, 666666, '08/22/2003', 66, '08/20/2003', 60000);
insert into Payment values (000662, 666666, '02/05/2002', 66, '02/02/2002', 60000);
insert into Customer values (000777, 'The', 'Angel', 777);
insert into Home values (000777, 777777, '777 Heaven St', 77777, 'Sky', 'HI');
insert into Incident values (666777, '777 Heaven St', 77777, 'Sky', 'HI', '012/25/2000');
insert into Incident values (666778, '777 Heaven St', 77777, 'Sky', 'HI', '012/20/2000');
insert into Policy values (777777);
insert into Payment values (000770, 777777, '06/09/2001', 7, '06/06/2001', 1700);
insert into Payment values (000771, 777777, '09/18/2009', 7, '09/11/2009', 1700);
